no,tanggal,waktu,isolat,u,diameter_1,diameter_2,diameter_3,diameter_4,status,keterangan
1,7/29/2025,10:15:00,FK-1,1,3.30,3.60,4.10,3.80,,
2,7/29/2025,10:15:00,FK-1,2,6.50,6.80,9.50,8.70,,
3,7/29/2025,10:15:00,FK-1,3,3.30,5.20,5.50,3.80,,
4,7/29/2025,10:15:00,FK-1,4,5.80,5.60,5.40,3.50,,
5,7/29/2025,10:15:00,FK-1,5,4.50,3.70,6.30,4.90,,
6,7/29/2025,10:15:00,FK-3,1,5.00,5.10,5.70,5.80,,
7,7/29/2025,10:15:00,FK-3,2,4.90,5.40,5.20,5.80,,
8,7/29/2025,10:15:00,FK-3,3,3.30,3.40,3.40,4.20,,isolat jatuh ke tutup petri dish
9,7/29/2025,10:15:00,FK-3,4,4.40,4.10,4.80,5.80,,
10,7/29/2025,10:15:00,FK-3,5,6.20,7.90,5.70,5.30,,
11,7/29/2025,10:15:00,FK-4,1,5.80,6.30,6.90,6.10,,
12,7/29/2025,10:15:00,FK-4,2,5.40,6.40,6.00,6.20,,
13,7/29/2025,10:15:00,FK-4,3,3.30,4.10,3.50,3.50,,
14,7/29/2025,10:15:00,FK-4,4,4.00,2.80,3.40,3.20,,
15,7/29/2025,10:15:00,FK-4,5,2.80,3.50,3.10,3.90,,
16,7/29/2025,10:15:00,FK-5,1,8.40,8.50,8.80,8.30,,
17,7/29/2025,10:15:00,FK-5,2,8.50,6.20,6.30,6.70,,
18,7/29/2025,10:15:00,FK-5,3,4.90,5.00,5.10,5.40,,
19,7/29/2025,10:15:00,FK-5,4,8.60,7.80,10.10,9.40,,
20,7/29/2025,10:15:00,FK-5,5,8.20,5.40,8.70,6.70,,
21,7/29/2025,10:15:00,FP-1,1,6.10,5.90,5.30,5.80,,
22,7/29/2025,10:15:00,FP-1,2,6.50,5.50,4.70,5.60,,seal sedikit gosong
23,7/29/2025,10:15:00,FP-1,3,5.80,5.40,5.50,5.90,,
24,7/29/2025,10:15:00,FP-1,4,5.40,5.70,5.30,4.60,,
25,7/29/2025,10:15:00,FP-1,5,4.60,3.70,4.90,4.60,,
26,7/29/2025,10:15:00,FP-2,1,3.90,3.80,4.00,3.80,,
27,7/29/2025,10:15:00,FP-2,2,3.70,3.40,3.40,3.80,,
28,7/29/2025,10:15:00,FP-2,3,5.50,4.80,4.90,5.40,,
29,7/29/2025,10:15:00,FP-2,4,5.50,4.70,4.90,5.60,,
30,7/29/2025,10:15:00,FP-2,5,3.50,3.40,4.10,4.50,,
31,7/29/2025,10:15:00,FP-3,1,4.30,3.70,4.70,4.00,,
32,7/29/2025,10:15:00,FP-3,2,5.30,5.40,3.70,5.50,,
33,7/29/2025,10:15:00,FP-3,3,5.50,4.90,3.80,4.70,,
34,7/29/2025,10:15:00,FP-3,4,3.20,4.80,4.10,3.90,,
35,7/29/2025,10:15:00,FP-3,5,4.90,3.80,5.30,3.60,,
36,7/29/2025,10:15:00,FP-5,1,4.00,3.40,3.50,3.80,,
37,7/29/2025,10:15:00,FP-5,2,3.50,3.40,3.00,3.30,,
38,7/29/2025,10:15:00,FP-5,3,4.20,4.20,3.50,4.20,,
39,7/29/2025,10:15:00,FP-5,4,4.90,4.70,4.10,3.90,,
40,7/29/2025,10:15:00,FP-5,5,4.10,3.60,3.60,3.60,,
41,7/30/2025,10:15:25,FK-1,1,13.90,14.20,14.70,15.10,,
42,7/30/2025,10:15:25,FK-1,2,20.10,17.80,17.20,19.20,,
43,7/30/2025,10:15:25,FK-1,3,17.20,13.80,12.20,12.50,,isolat jatuh
44,7/30/2025,10:15:25,FK-1,4,18.60,19.70,16.10,14.40,,
45,7/30/2025,10:15:25,FK-1,5,15.40,19.20,20.00,17.40,,
46,7/30/2025,10:15:25,FK-3,1,17.60,14.60,16.50,15.40,,
47,7/30/2025,10:15:25,FK-3,2,16.30,14.40,13.50,13.80,,
48,7/30/2025,10:15:25,FK-3,3,12.40,13.00,16.20,16.50,,
49,7/30/2025,10:15:25,FK-3,4,14.90,13.90,18.00,17.50,,
50,7/30/2025,10:15:25,FK-3,5,14.70,14.60,13.00,14.50,,
51,7/30/2025,10:15:25,FK-4,1,15.30,14.70,14.90,14.60,,
52,7/30/2025,10:15:25,FK-4,2,16.60,16.30,15.20,15.40,,
53,7/30/2025,10:15:25,FK-4,3,6.40,6.70,7.60,7.60,,
54,7/30/2025,10:15:25,FK-4,4,10.90,10.20,12.20,11.70,,
55,7/30/2025,10:15:25,FK-4,5,5.30,4.80,5.30,4.30,,
56,7/30/2025,10:15:25,FK-5,1,16.50,15.20,16.50,17.40,,
57,7/30/2025,10:15:25,FK-5,2,15.80,14.60,14.30,16.00,,
58,7/30/2025,10:15:25,FK-5,3,13.20,10.80,11.20,12.20,,
59,7/30/2025,10:15:25,FK-5,4,24.60,18.20,18.70,24.50,,
60,7/30/2025,10:15:25,FK-5,5,16.50,17.70,16.90,15.70,,
61,7/30/2025,10:15:25,FK-6,1,4.60,4.80,4.70,5.20,,
62,7/30/2025,10:15:25,FK-6,2,5.30,6.30,5.90,6.40,,
63,7/30/2025,10:15:25,FK-6,3,5.60,6.80,6.00,5.00,,
64,7/30/2025,10:15:25,FK-6,4,4.70,4.70,4.50,5.00,,
65,7/30/2025,10:15:25,FK-6,5,6.00,6.00,5.20,5.00,,
66,7/30/2025,10:15:25,FP-1,1,13.80,13.90,14.60,14.20,,
67,7/30/2025,10:15:25,FP-1,2,18.40,23.60,30.80,29.80,,
68,7/30/2025,10:15:25,FP-1,3,15.80,14.30,14.80,14.90,,
69,7/30/2025,10:15:25,FP-1,4,14.50,13.80,10.80,12.10,,
70,7/30/2025,10:15:25,FP-1,5,4.00,4.40,5.40,4.00,,
71,7/30/2025,10:15:25,FP-2,1,14.20,16.00,16.30,12.20,,
72,7/30/2025,10:15:25,FP-2,2,12.20,11.80,9.80,10.60,,
73,7/30/2025,10:15:25,FP-2,3,13.30,14.50,13.80,12.00,,
74,7/30/2025,10:15:25,FP-2,4,14.20,13.70,13.80,17.80,,
75,7/30/2025,10:15:25,FP-2,5,13.00,12.80,13.80,15.00,,
76,7/30/2025,10:15:25,FP-3,1,14.10,13.00,13.70,14.00,,
77,7/30/2025,10:15:25,FP-3,2,21.40,20.40,15.90,15.50,,
78,7/30/2025,10:15:25,FP-3,3,31.20,21.30,16.70,24.80,,
79,7/30/2025,10:15:25,FP-3,4,14.70,20.80,20.00,14.50,,
80,7/30/2025,10:15:25,FP-3,5,14.40,16.30,17.40,18.00,,
81,7/30/2025,10:15:25,FP-5,1,15.50,16.80,15.30,15.90,,
82,7/30/2025,10:15:25,FP-5,2,15.10,14.50,14.70,17.00,,
83,7/30/2025,10:15:25,FP-5,3,13.80,12.50,12.60,12.20,,
84,7/30/2025,10:15:25,FP-5,4,12.00,11.30,12.30,12.70,,
85,7/30/2025,10:15:25,FP-5,5,16.30,16.90,15.30,16.70,,
86,7/30/2025,10:15:25,FP-6,1,5.10,6.80,6.50,4.50,,
87,7/30/2025,10:15:25,FP-6,2,4.20,4.40,5.70,6.00,,
88,7/30/2025,10:15:25,FP-6,3,7.20,6.40,9.30,11.00,,
89,7/30/2025,10:15:25,FP-6,4,6.30,5.70,5.60,5.70,,
90,7/30/2025,10:15:25,FP-6,5,5.00,5.20,4.10,4.30,,
91,7/31/2025,09:54:25,FK-1,1,24.10,24.80,24.70,24.80,,
92,7/31/2025,09:54:26,FK-1,2,27.50,27.80,26.20,35.00,,
93,7/31/2025,09:54:26,FK-1,3,30.40,27.80,24.20,25.10,,
94,7/31/2025,09:54:26,FK-1,4,27.40,29.30,27.40,26.30,,
95,7/31/2025,09:54:26,FK-1,5,25.50,33.60,30.60,32.50,,
96,7/31/2025,09:54:26,FK-3,1,36.80,47.80,27.70,26.20,,
97,7/31/2025,09:54:26,FK-3,2,25.00,22.30,21.80,22.60,,
98,7/31/2025,09:54:26,FK-3,3,34.10,23.30,22.50,29.80,,
99,7/31/2025,09:54:26,FK-3,4,23.90,26.40,29.80,25.60,,
100,7/31/2025,09:54:26,FK-3,5,24.20,23.60,19.70,23.60,,
101,7/31/2025,09:54:26,FK-4,1,24.20,23.80,25.90,23.50,,
102,7/31/2025,09:54:26,FK-4,2,24.90,24.70,25.10,24.50,,
103,7/31/2025,09:54:26,FK-4,3,8.90,11.60,12.80,13.30,,
104,7/31/2025,09:54:26,FK-4,4,45.80,36.10,45.90,46.60,,
105,7/31/2025,09:54:26,FK-4,5,21.00,17.50,21.30,23.20,,
106,7/31/2025,09:54:26,FK-5,1,23.90,22.20,22.50,24.80,,
107,7/31/2025,09:54:26,FK-5,2,28.20,23.20,22.00,27.70,,
108,7/31/2025,09:54:26,FK-5,3,19.60,17.80,17.40,18.50,,
109,7/31/2025,09:54:26,FK-5,4,24.00,28.50,29.10,36.00,,
110,7/31/2025,09:54:26,FK-5,5,26.40,26.20,24.20,23.00,,
111,7/31/2025,09:54:26,FK-6,1,15.10,14.70,14.00,15.20,,
112,7/31/2025,09:54:26,FK-6,2,12.50,13.50,12.80,12.20,,
113,7/31/2025,09:54:26,FK-6,3,15.80,16.30,12.70,16.20,,
114,7/31/2025,09:54:26,FK-6,4,17.60,16.90,13.30,18.40,,
115,7/31/2025,09:54:26,FK-6,5,13.20,15.00,13.00,12.40,,
116,7/31/2025,09:54:26,FP-1,1,23.00,23.80,23.30,23.00,,
117,7/31/2025,09:54:26,FP-1,2,46.00,41.00,39.30,38.40,,
118,7/31/2025,09:54:26,FP-1,3,26.10,25.30,24.40,25.50,,
119,7/31/2025,09:54:26,FP-1,4,23.40,21.90,20.70,21.20,,
120,7/31/2025,09:54:26,FP-1,5,7.00,7.30,6.10,6.00,,
121,7/31/2025,09:54:26,FP-2,1,33.00,29.30,25.50,37.60,,
122,7/31/2025,09:54:26,FP-2,2,22.90,29.90,33.30,30.90,,
123,7/31/2025,09:54:26,FP-2,3,24.90,25.00,21.00,19.00,,
124,7/31/2025,09:54:26,FP-2,4,25.30,23.70,25.60,27.70,,
125,7/31/2025,09:54:26,FP-2,5,22.50,22.00,20.90,22.90,,
126,7/31/2025,09:54:26,FP-3,1,21.60,21.70,25.40,28.50,,
127,7/31/2025,09:54:26,FP-3,2,29.80,32.60,31.20,25.40,,
128,7/31/2025,09:54:26,FP-3,3,29.70,33.00,24.70,37.50,,
129,7/31/2025,09:54:26,FP-3,4,26.60,21.00,30.70,27.10,,
130,7/31/2025,09:54:26,FP-3,5,23.50,28.20,30.30,28.40,,
131,7/31/2025,09:54:26,FP-5,1,23.40,24.60,24.90,25.70,,
132,7/31/2025,09:54:26,FP-5,2,26.10,23.30,21.60,25.00,,
133,7/31/2025,09:54:26,FP-5,3,17.70,18.40,20.00,19.40,,
134,7/31/2025,09:54:26,FP-5,4,20.80,20.30,17.80,20.30,,
135,7/31/2025,09:54:26,FP-5,5,36.80,36.40,33.20,24.80,,
136,7/31/2025,09:54:26,FP-6,1,18.80,18.80,16.70,16.20,,
137,7/31/2025,09:54:26,FP-6,2,13.20,12.40,10.50,11.90,,
138,7/31/2025,09:54:26,FP-6,3,17.10,13.30,18.80,21.50,,
139,7/31/2025,09:54:26,FP-6,4,14.60,12.90,13.70,12.40,,
140,7/31/2025,09:54:26,FP-6,5,12.90,14.70,13.80,19.90,,
141,8/1/2025,09:58:36,FP-1,1,27.90,27.80,28.50,28.00,,
142,8/1/2025,10:04:49,FP-1,2,51.70,49.30,44.40,43.60,,
143,8/1/2025,10:08:38,FP-1,3,30.70,30.10,29.20,31.10,,
144,8/1/2025,10:09:36,FP-1,4,29.50,27.70,26.00,25.40,,
145,8/1/2025,10:14:58,FP-1,5,15.10,14.90,13.40,14.50,,
146,8/1/2025,10:15:33,FP-2,1,36.40,36.60,32.50,44.60,,
147,8/1/2025,10:16:16,FP-2,2,38.60,50.40,37.60,36.40,,
148,8/1/2025,10:16:56,FP-2,3,28.30,31.10,25.90,24.30,,
149,8/1/2025,10:17:47,FP-2,4,33.40,29.40,30.10,34.50,,
150,8/1/2025,10:18:18,FP-2,5,30.60,27.30,26.30,30.20,,
151,8/1/2025,10:18:55,FP-3,1,10.70,46.30,46.50,35.50,,
152,8/1/2025,10:20:35,FP-3,2,38.70,37.30,32.80,28.90,,
153,8/1/2025,10:21:12,FP-3,3,44.30,37.20,32.20,42.20,,
154,8/1/2025,10:21:45,FP-3,4,31.30,37.60,35.80,33.50,,
155,8/1/2025,10:22:13,FP-3,5,31.10,33.40,38.50,36.80,,
156,8/1/2025,10:22:43,FP-5,1,31.70,31.00,29.20,31.00,,
157,8/1/2025,10:23:15,FP-5,2,31.00,25.90,28.80,29.70,,
158,8/1/2025,10:23:51,FP-5,3,22.90,24.20,23.10,23.10,,
159,8/1/2025,10:24:29,FP-5,4,24.40,20.50,22.40,25.90,,
160,8/1/2025,10:25:05,FP-5,5,35.80,43.10,27.50,28.50,,
161,8/1/2025,10:25:38,FP-6,1,27.50,27.80,25.70,27.10,,
162,8/1/2025,10:26:26,FP-6,2,17.80,16.80,14.80,15.70,,
163,8/1/2025,10:27:00,FP-6,3,24.00,18.90,26.70,27.50,,
164,8/1/2025,10:27:35,FP-6,4,19.40,18.10,17.80,18.80,,
165,8/1/2025,10:28:02,FP-6,5,14.70,20.00,17.90,13.80,,
166,8/1/2025,10:29:10,FK-1,1,33.70,31.80,33.00,33.80,,
167,8/1/2025,10:31:20,FK-1,2,37.50,36.60,33.60,35.90,,
168,8/1/2025,10:31:56,FK-1,3,42.90,38.00,35.60,34.70,,
169,8/1/2025,10:32:38,FK-1,4,39.20,40.20,36.70,35.80,,
170,8/1/2025,10:33:08,FK-1,5,37.00,44.30,41.00,44.10,,
171,8/1/2025,10:34:17,FK-3,1,59.50,53.30,46.40,38.20,,
172,8/1/2025,10:34:45,FK-3,2,33.50,30.70,29.70,31.40,,
173,8/1/2025,10:35:13,FK-3,3,45.10,36.10,33.90,34.50,,
174,8/1/2025,10:35:53,FK-3,4,32.90,33.50,37.20,38.40,,
175,8/1/2025,10:36:26,FK-3,5,33.30,32.20,31.10,31.60,,
176,8/1/2025,10:37:36,FK-4,1,32.50,33.90,35.20,33.80,,
177,8/1/2025,10:38:11,FK-4,2,31.70,33.00,32.10,32.20,,
178,8/1/2025,10:38:45,FK-4,3,11.90,14.70,16.40,17.10,,
179,8/1/2025,10:39:07,FK-4,4,50.70,48.40,52.50,55.40,,
180,8/1/2025,10:39:53,FK-4,5,28.00,26.10,35.90,29.70,,
181,8/1/2025,10:40:42,FK-5,1,30.80,30.50,31.10,31.10,,
182,8/1/2025,10:41:46,FK-5,2,33.40,30.80,28.60,33.10,,
183,8/1/2025,10:42:38,FK-5,3,25.70,23.00,21.80,24.90,,
184,8/1/2025,10:43:04,FK-5,4,43.70,38.80,39.70,42.10,,
185,8/1/2025,10:43:26,FK-5,5,31.20,33.40,31.00,30.00,,
186,8/1/2025,10:43:57,FK-6,1,23.20,24.80,22.60,23.20,,
187,8/1/2025,10:44:24,FK-6,2,19.40,20.70,19.20,20.10,,
188,8/1/2025,10:44:51,FK-6,3,23.70,25.80,25.00,22.90,,
189,8/1/2025,10:45:23,FK-6,4,28.20,22.50,23.80,24.60,,
190,8/1/2025,10:45:51,FK-6,5,21.10,22.20,23.60,23.50,,
191,8/2/2025,10:40:00,FK-1,1,43.10,44.30,44.30,45.90,,
192,8/2/2025,10:45,FK-1,2,48.20,48.50,43.10,42.60,,
193,8/2/2025,10:49:00,FK-1,3,54.50,47.50,46.30,46.40,,
194,8/2/2025,10:52:00,FK-1,4,49.40,52.70,51.40,49.50,,
195,8/2/2025,10:55:00,FK-1,5,58.00,53.20,51.70,53.80,,
196,8/2/2025,10:57:00,FK-3,1,74.10,78.00,53.60,74.50,,
197,8/2/2025,11:00,FK-3,2,44.30,40.30,40.10,42.70,,
198,8/2/2025,11:01:00,FK-3,3,52.70,44.90,44.00,43.70,,
199,8/2/2025,11:02:00,FK-3,4,43.30,41.70,45.70,46.40,,
200,8/2/2025,11:04:00,FK-3,5,38.10,37.50,,39.00,,
201,8/2/2025,11:07:00,FK-4,1,41.70,44.30,43.10,43.20,,
202,8/2/2025,11:08:00,FK-4,2,40.30,41.40,38.30,39.40,,
203,8/2/2025,11:10:00,FK-4,3,18.90,19.60,21.60,23.60,,
204,8/2/2025,11:12:00,FK-4,4,55.30,53.80,58.90,63.50,,
205,8/2/2025,11:15:00,FK-4,5,34.60,28.60,41.90,33.50,,
206,8/2/2025,11:16:00,FK-5,1,39.70,39.00,40.20,39.40,,
207,8/2/2025,11:18:00,FK-5,2,41.40,37.40,31.70,35.60,,
208,8/2/2025,11:20:00,FK-5,3,32.00,30.50,29.20,30.00,,
209,8/2/2025,11:22:00,FK-5,4,58.70,53.50,50.10,52.00,,
210,8/2/2025,11:24:00,FK-5,5,39.50,39.60,38.40,38.50,,
211,8/2/2025,11:25:00,FK-6,1,36.20,36.90,33.90,33.90,,
212,8/2/2025,11:27:00,FK-6,2,27.50,29.10,26.00,27.40,,
213,8/2/2025,11:29:00,FK-6,3,33.20,36.80,39.90,35.20,,
214,8/2/2025,11:30:00,FK-6,4,40.60,35.30,35.50,38.10,,
215,8/2/2025,11:32:00,FK-6,5,33.40,33.40,31.70,32.10,,
216,8/2/2025,11:35:00,FP-1,1,43.20,41.00,36.40,43.00,,
217,8/2/2025,11:37:00,FP-1,2,56.10,52.20,52.60,56.00,,
218,8/2/2025,11:39:00,FP-1,3,45.00,43.70,44.80,44.90,,
219,8/2/2025,11:41:00,FP-1,4,43.10,40.40,40.00,40.40,,
220,8/2/2025,11:42:00,FP-1,5,32.00,31.50,30.10,32.30,,
221,8/2/2025,11:46:00,FP-2,1,46.70,41.00,39.90,50.60,,
222,8/2/2025,11:47:00,FP-2,2,49.60,55.00,38.40,46.70,,
223,8/2/2025,11:50:00,FP-2,3,32.10,39.00,36.00,30.70,,
224,8/2/2025,11:52:00,FP-2,4,44.50,30.20,38.40,47.60,,
225,8/2/2025,11:53:00,FP-2,5,42.80,39.50,37.60,42.20,,
226,8/2/2025,11:55:00,FP-3,1,36.90,38.60,58.90,49.40,,
227,8/2/2025,11:58:00,FP-3,2,46.90,50.70,45.70,41.70,,
228,8/2/2025,12:00:00,FP-3,3,51.70,47.90,43.20,43.00,,
229,8/2/2025,12:02:00,FP-3,4,44.10,47.70,47.30,46.20,,
230,8/2/2025,12:04:00,FP-3,5,44.10,49.40,54.60,52.00,,
231,8/2/2025,12:07:00,FP-5,1,42.10,41.00,43.90,40.00,,
232,8/2/2025,12:09:00,FP-5,2,38.50,33.50,40.70,35.50,,
233,8/2/2025,12:10:00,FP-5,3,31.60,31.90,33.80,32.00,,
234,8/2/2025,12:12:00,FP-5,4,30.00,36.10,28.40,32.90,,
235,8/2/2025,12:14:00,FP-5,5,47.30,57.60,53.60,42.40,,
236,8/2/2025,12:17:00,FP-6,1,39.20,40.90,37.10,38.90,,
237,8/2/2025,12:19,FP-6,2,30.90,28.80,26.30,25.50,,
238,8/2/2025,12:21:00,FP-6,3,39.60,27.50,33.80,42.40,,
239,8/2/2025,12:23:00,FP-6,4,28.70,27.60,26.80,28.40,,
240,8/2/2025,12:24:00,FP-6,5,22.70,28.80,28.20,21.60,,
241,8/3/2025,10:47,FK-1,1,53.60,54.60,52.80,53.90,,
242,8/3/2025,10:48,FK-1,2,58.90,54.70,46.80,56.80,,
243,8/3/2025,10:50:08,FK-1,3,65.00,58.40,57.10,54.40,,
244,8/3/2025,10:51:25,FK-1,4,61.50,61.50,58.80,57.00,,
245,8/3/2025,10:52:35,FK-1,5,58.00,62.70,56.30,59.60,,
246,8/3/2025,10:55:18,FK-3,1,83.50,81.00,54.00,56.70,,
247,8/3/2025,10:56:33,FK-3,2,54.40,49.00,49.10,50.20,,
248,8/3/2025,10:57:49,FK-3,3,61.10,54.20,51.40,55.30,,
249,8/3/2025,10:58:51,FK-3,4,50.30,51.50,54.80,55.00,,
250,8/3/2025,11:00:13,FK-3,5,42.70,40.10,38.90,42.50,,
251,8/3/2025,11:03:34,FK-4,1,50.90,52.80,52.90,51.10,,
252,8/3/2025,11:04:02,FK-4,2,46.30,43.90,43.10,43.60,,
253,8/3/2025,11:04:52,FK-4,3,24.00,26.60,26.70,27.00,,
254,8/3/2025,11:05:33,FK-4,4,69.30,61.50,64.30,69.50,,
255,8/3/2025,11:06:34,FK-4,5,36.80,38.70,63.20,40.60,,
256,8/3/2025,11:06:55,FK-5,1,49.10,47.90,49.40,48.00,,
257,8/3/2025,11:07:26,FK-5,2,55.20,44.10,40.50,48.50,,
258,8/3/2025,11:07:56,FK-5,3,37.40,36.80,34.60,33.40,,
259,8/3/2025,11:08:22,FK-5,4,68.90,66.40,61.40,67.10,,
260,8/3/2025,11:08:50,FK-5,5,49.60,44.70,46.30,46.10,,
261,8/3/2025,11:09:15,FK-6,1,39.40,41.60,38.50,39.70,,
262,8/3/2025,11:12:10,FK-6,2,34.30,36.30,33.90,34.00,,
263,8/3/2025,11:12:34,FK-6,3,42.40,44.00,42.70,42.10,,
264,8/3/2025,11:12:59,FK-6,4,45.70,42.50,42.90,45.20,,
265,8/3/2025,11:13:18,FK-6,5,40.60,40.90,40.20,39.50,,
266,8/3/2025,11:13:56,FP-1,1,50.90,48.20,37.60,49.80,,
267,8/3/2025,11:15:50,FP-1,2,69.10,64.70,64.00,66.90,,
268,8/3/2025,11:16:23,FP-1,3,55.70,46.60,53.10,54.60,,
269,8/3/2025,11:17:16,FP-1,4,47.80,46.10,45.30,48.60,,
270,8/3/2025,11:17:21,FP-1,5,43.60,42.10,41.30,40.70,,
271,8/3/2025,11:17:40,FP-2,1,50.70,45.90,59.10,57.00,,
272,8/3/2025,11:18:16,FP-2,2,53.80,71.60,74.50,49.60,,
273,8/3/2025,11:18:51,FP-2,3,41.00,43.70,38.60,36.20,,
274,8/3/2025,11:19:23,FP-2,4,46.60,46.20,42.10,50.70,,
275,8/3/2025,11:19:43,FP-2,5,47.10,42.80,39.70,47.80,,
276,8/3/2025,11:20:01,FP-3,1,38.10,61.30,60.60,54.40,,
277,8/3/2025,11:20:30,FP-3,2,53.70,54.90,48.80,44.40,,
278,8/3/2025,11:20:57,FP-3,3,57.80,52.20,47.40,58.50,,
279,8/3/2025,11:21:37,FP-3,4,49.90,46.70,54.00,52.10,,
280,8/3/2025,11:22:00,FP-3,5,53.00,55.50,61.40,53.80,,
281,8/3/2025,11:22:21,FP-5,1,50.20,44.70,50.50,45.10,,
282,8/3/2025,11:23:07,FP-5,2,39.40,46.40,48.80,50.90,,
283,8/3/2025,11:23:27,FP-5,3,37.20,36.10,40.50,35.50,,
284,8/3/2025,11:23:47,FP-5,4,33.10,27.20,32.30,35.50,,
285,8/3/2025,11:24:08,FP-5,5,56.90,62.50,56.40,48.20,,
286,8/3/2025,11:24:58,FP-6,1,48.60,63.60,58.80,60.20,,
287,8/3/2025,11:25:08,FP-6,2,39.80,33.80,31.90,32.40,,
288,8/3/2025,11:25:20,FP-6,3,42.50,36.80,43.20,47.60,,
289,8/3/2025,11:25:55,FP-6,4,35.20,32.80,33.60,33.30,,
290,8/3/2025,11:26:20,FP-6,5,29.60,27.40,35.10,33.00,,
291,8/4/2025,11:34:32,FK-1,1,58.60,60.00,59.10,63.30,,
292,8/4/2025,11:33:56,FK-1,2,56.60,60.30,46.90,44.10,,
293,8/4/2025,11:32:34,FK-1,3,72.90,65.30,61.80,60.20,,
294,8/4/2025,11:31:47,FK-1,4,71.80,70.20,59.50,68.40,,
295,8/4/2025,11:30:22,FK-1,5,62.10,70.80,66.20,65.70,,
296,8/4/2025,11:38:02,FK-3,1,63.00,52.60,40.90,60.90,,
297,8/4/2025,11:38:53,FK-3,2,60.10,52.20,53.30,54.00,,
298,8/4/2025,11:39:36,FK-3,3,61.90,53.90,51.60,59.00,,
299,8/4/2025,11:40:19,FK-3,4,53.80,49.60,56.60,57.10,,
300,8/4/2025,11:41:04,FK-3,5,46.90,44.10,41.50,44.10,,
301,8/4/2025,11:43:16,FK-4,1,59.30,63.10,65.00,60.00,,
302,8/4/2025,11:44:18,FK-4,2,50.90,47.40,49.20,47.40,,
303,8/4/2025,11:45:12,FK-4,3,30.80,28.70,35.30,34.70,,
304,8/4/2025,11:45:47,FK-4,4,61.90,56.80,65.30,74.00,,
305,8/4/2025,11:46:40,FK-4,5,35.30,37.90,47.10,38.50,,
306,8/4/2025,11:48:49,FK-5,1,58.70,54.00,54.60,56.70,,
307,8/4/2025,11:49:32,FK-5,2,56.40,48.40,39.30,52.80,,
308,8/4/2025,12:06:32,FK-5,3,44.30,42.70,37.90,34.50,,
309,8/4/2025,12:07:27,FK-5,4,77.30,70.50,57.70,75.60,,
310,8/4/2025,12:08:34,FK-5,5,56.20,50.10,53.40,50.20,,
311,8/4/2025,12:10:26,FK-6,1,55.80,54.90,51.90,51.30,,
312,8/4/2025,12:14:39,FK-6,2,43.10,46.40,41.90,45.50,,
313,8/4/2025,12:14:36,FK-6,3,56.50,59.20,57.90,54.00,,
314,8/4/2025,12:14:33,FK-6,4,55.60,47.40,55.50,56.60,,
315,8/4/2025,12:15:16,FK-6,5,44.30,49.20,50.50,41.40,,
316,,12:18:03,FP-1,1,62.40,44.30,38.50,59.10,,
317,,12:18:29,FP-1,2,73.20,67.20,64.40,72.10,,
318,,12:19:15,FP-1,3,67.50,51.70,65.30,68.60,,
319,,12:20:23,FP-1,4,49.20,46.90,48.20,55.20,,
320,,12:20:58,FP-1,5,55.70,53.30,57.00,59.10,,
321,,12:26:02,FP-2,1,48.70,50.80,64.50,61.10,,
322,,12:26:05,FP-2,2,57.50,62.20,56.00,55.70,,
323,,12:26:09,FP-2,3,45.40,51.80,44.40,41.70,,
324,,12:26:11,FP-2,4,56.40,53.50,56.50,63.20,,
325,,12:27:09,FP-2,5,56.30,52.90,47.80,50.10,,
326,,12:29:03,FP-3,1,43.40,45.00,48.40,65.40,,
327,,12:31:27,FP-3,2,61.20,67.00,65.20,62.70,,
328,,12:31:25,FP-3,3,64.80,62.60,58.50,61.30,,
329,,12:32:06,FP-3,4,65.00,54.80,46.50,61.30,,
330,,12:32:39,FP-3,5,61.00,69.10,77.70,59.80,,
331,,12:33:50,FP-5,1,46.30,50.50,58.10,46.40,,
332,,12:34:59,FP-5,2,42.70,49.00,55.40,57.60,,
333,,12:35:36,FP-5,3,43.30,38.70,45.10,41.00,,
334,,12:36:09,FP-5,4,33.30,28.30,39.30,40.70,,
335,,12:36:38,FP-5,5,57.50,64.20,66.40,61.30,,
336,,12:37:53,FP-6,1,57.70,68.90,64.70,56.60,,
337,,12:39:08,FP-6,2,47.70,39.60,41.40,40.60,,
338,,12:39:45,FP-6,3,53.30,45.00,50.10,66.00,,
339,,12:40:31,FP-6,4,40.10,43.20,43.90,41.30,,
340,,12:41:10,FP-6,5,35.90,45.50,44.30,39.60,,
341,,,FK-3,3,,,,,,
342,,,FK-3,4,,,,,,
343,,,FK-3,5,,,,,,
344,,,FK-3,1,,,,,,
345,,,FK-3,2,,,,,,
346,,,FK-4,3,,,,,,
347,,,FK-4,4,,,,,,
348,,,FK-4,5,,,,,,
349,,,FK-4,1,,,,,,
350,,,FK-4,2,,,,,,
351,,,FK-5,3,,,,,,
352,,,FK-5,4,,,,,,
353,,,FK-5,5,,,,,,
354,,,FK-5,1,,,,,,
355,,,FK-5,2,,,,,,
356,,,FK-6,3,,,,,,
357,,,FK-6,4,,,,,,
358,,,FK-6,5,,,,,,
359,,,FK-6,1,,,,,,
360,,,FK-6,2,,,,,,
361,,,FP-1,3,,,,,,
362,,,FP-1,4,,,,,,
363,,,FP-1,5,,,,,,
364,,,FP-1,1,,,,,,
365,,,FP-1,2,,,,,,
366,,,FP-2,3,,,,,,
367,,,FP-2,4,,,,,,
368,,,FP-2,5,,,,,,
369,,,FP-2,1,,,,,,
370,,,FP-2,2,,,,,,
371,,,FP-3,3,,,,,,
372,,,FP-3,4,,,,,,
373,,,FP-3,5,,,,,,
374,,,FP-3,1,,,,,,
375,,,FP-3,2,,,,,,
376,,,FP-5,3,,,,,,
377,,,FP-5,4,,,,,,
378,,,FP-5,5,,,,,,
379,,,FP-5,1,,,,,,
380,,,FP-5,2,,,,,,
381,,,FP-6,3,,,,,,
382,,,FP-6,4,,,,,,
383,,,FP-6,5,,,,,,
384,,,FP-6,,,,,,,
385,,,FP-6,,,,,,,
386,,,,,,,,,,
387,,,,,,,,,,
388,,,,,,,,,,
389,,,,,,,,,,
390,,,,,,,,,,
391,,,,,,,,,,
392,,,,,,,,,,
393,,,,,,,,,,
394,,,,,,,,,,
395,,,,,,,,,,
396,,,,,,,,,,
397,,,,,,,,,,
398,,,,,,,,,,
399,,,,,,,,,,
400,,,,,,,,,,
401,,,,,,,,,,
402,,,,,,,,,,
403,,,,,,,,,,
404,,,,,,,,,,
405,,,,,,,,,,
406,,,,,,,,,,
407,,,,,,,,,,
408,,,,,,,,,,
409,,,,,,,,,,
410,,,,,,,,,,
411,,,,,,,,,,
412,,,,,,,,,,
413,,,,,,,,,,
414,,,,,,,,,,
415,,,,,,,,,,
416,,,,,,,,,,
417,,,,,,,,,,
418,,,,,,,,,,
419,,,,,,,,,,
420,,,,,,,,,,
421,,,,,,,,,,
422,,,,,,,,,,
423,,,,,,,,,,
424,,,,,,,,,,
425,,,,,,,,,,
426,,,,,,,,,,
427,,,,,,,,,,
428,,,,,,,,,,
429,,,,,,,,,,
430,,,,,,,,,,
431,,,,,,,,,,
432,,,,,,,,,,
433,,,,,,,,,,
434,,,,,,,,,,
435,,,,,,,,,,
436,,,,,,,,,,
437,,,,,,,,,,
438,,,,,,,,,,
439,,,,,,,,,,
440,,,,,,,,,,
441,,,,,,,,,,
442,,,,,,,,,,
443,,,,,,,,,,
444,,,,,,,,,,
445,,,,,,,,,,
446,,,,,,,,,,
447,,,,,,,,,,
448,,,,,,,,,,
449,,,,,,,,,,
450,,,,,,,,,,
451,,,,,,,,,,
452,,,,,,,,,,
453,,,,,,,,,,
454,,,,,,,,,,
455,,,,,,,,,,
456,,,,,,,,,,
457,,,,,,,,,,
458,,,,,,,,,,
459,,,,,,,,,,
460,,,,,,,,,,
461,,,,,,,,,,
462,,,,,,,,,,
463,,,,,,,,,,
464,,,,,,,,,,
465,,,,,,,,,,
466,,,,,,,,,,
467,,,,,,,,,,
468,,,,,,,,,,
469,,,,,,,,,,
470,,,,,,,,,,
471,,,,,,,,,,
472,,,,,,,,,,
473,,,,,,,,,,
474,,,,,,,,,,
475,,,,,,,,,,
476,,,,,,,,,,
477,,,,,,,,,,
478,,,,,,,,,,
479,,,,,,,,,,
480,,,,,,,,,,
481,,,,,,,,,,
482,,,,,,,,,,
483,,,,,,,,,,
484,,,,,,,,,,
485,,,,,,,,,,
486,,,,,,,,,,
487,,,,,,,,,,
488,,,,,,,,,,
489,,,,,,,,,,
490,,,,,,,,,,
491,,,,,,,,,,
492,,,,,,,,,,
493,,,,,,,,,,
494,,,,,,,,,,
495,,,,,,,,,,
496,,,,,,,,,,
497,,,,,,,,,,
498,,,,,,,,,,
499,,,,,,,,,,
500,,,,,,,,,,
501,,,,,,,,,,
502,,,,,,,,,,
503,,,,,,,,,,
504,,,,,,,,,,
505,,,,,,,,,,
506,,,,,,,,,,
507,,,,,,,,,,
508,,,,,,,,,,
509,,,,,,,,,,
510,,,,,,,,,,
511,,,,,,,,,,
512,,,,,,,,,,
513,,,,,,,,,,
514,,,,,,,,,,
515,,,,,,,,,,
516,,,,,,,,,,
517,,,,,,,,,,
518,,,,,,,,,,
519,,,,,,,,,,
520,,,,,,,,,,
521,,,,,,,,,,
522,,,,,,,,,,
523,,,,,,,,,,
524,,,,,,,,,,
525,,,,,,,,,,
526,,,,,,,,,,
527,,,,,,,,,,
528,,,,,,,,,,
529,,,,,,,,,,
530,,,,,,,,,,
531,,,,,,,,,,
532,,,,,,,,,,
533,,,,,,,,,,
534,,,,,,,,,,
535,,,,,,,,,,
536,,,,,,,,,,
537,,,,,,,,,,
538,,,,,,,,,,
539,,,,,,,,,,
540,,,,,,,,,,
541,,,,,,,,,,
542,,,,,,,,,,
543,,,,,,,,,,
544,,,,,,,,,,
545,,,,,,,,,,
546,,,,,,,,,,
547,,,,,,,,,,
548,,,,,,,,,,
549,,,,,,,,,,
550,,,,,,,,,,
551,,,,,,,,,,
552,,,,,,,,,,
553,,,,,,,,,,
554,,,,,,,,,,
555,,,,,,,,,,
556,,,,,,,,,,
557,,,,,,,,,,
558,,,,,,,,,,
559,,,,,,,,,,
560,,,,,,,,,,
561,,,,,,,,,,
562,,,,,,,,,,
563,,,,,,,,,,
564,,,,,,,,,,
565,,,,,,,,,,
566,,,,,,,,,,
567,,,,,,,,,,
568,,,,,,,,,,
569,,,,,,,,,,
570,,,,,,,,,,
571,,,,,,,,,,
572,,,,,,,,,,
573,,,,,,,,,,
574,,,,,,,,,,
575,,,,,,,,,,
576,,,,,,,,,,
577,,,,,,,,,,
578,,,,,,,,,,
579,,,,,,,,,,
580,,,,,,,,,,
581,,,,,,,,,,
582,,,,,,,,,,
583,,,,,,,,,,
584,,,,,,,,,,
585,,,,,,,,,,
586,,,,,,,,,,
587,,,,,,,,,,
588,,,,,,,,,,
589,,,,,,,,,,
590,,,,,,,,,,
591,,,,,,,,,,
592,,,,,,,,,,
593,,,,,,,,,,
594,,,,,,,,,,
595,,,,,,,,,,
596,,,,,,,,,,
597,,,,,,,,,,
598,,,,,,,,,,
599,,,,,,,,,,
600,,,,,,,,,,
601,,,,,,,,,,
602,,,,,,,,,,
603,,,,,,,,,,
604,,,,,,,,,,
605,,,,,,,,,,
606,,,,,,,,,,
607,,,,,,,,,,
608,,,,,,,,,,
609,,,,,,,,,,
610,,,,,,,,,,
611,,,,,,,,,,
612,,,,,,,,,,
613,,,,,,,,,,
614,,,,,,,,,,
615,,,,,,,,,,
616,,,,,,,,,,
617,,,,,,,,,,
618,,,,,,,,,,
619,,,,,,,,,,
620,,,,,,,,,,
621,,,,,,,,,,
622,,,,,,,,,,
623,,,,,,,,,,
624,,,,,,,,,,
625,,,,,,,,,,
626,,,,,,,,,,
627,,,,,,,,,,
628,,,,,,,,,,
629,,,,,,,,,,
630,,,,,,,,,,
631,,,,,,,,,,
632,,,,,,,,,,
633,,,,,,,,,,
634,,,,,,,,,,
635,,,,,,,,,,
636,,,,,,,,,,
637,,,,,,,,,,
638,,,,,,,,,,
639,,,,,,,,,,
640,,,,,,,,,,
641,,,,,,,,,,
642,,,,,,,,,,
643,,,,,,,,,,
644,,,,,,,,,,
645,,,,,,,,,,
646,,,,,,,,,,
647,,,,,,,,,,
648,,,,,,,,,,
649,,,,,,,,,,
650,,,,,,,,,,
651,,,,,,,,,,
652,,,,,,,,,,
653,,,,,,,,,,
654,,,,,,,,,,
655,,,,,,,,,,
656,,,,,,,,,,
657,,,,,,,,,,
658,,,,,,,,,,
659,,,,,,,,,,
660,,,,,,,,,,
661,,,,,,,,,,
662,,,,,,,,,,
663,,,,,,,,,,
664,,,,,,,,,,
665,,,,,,,,,,
666,,,,,,,,,,
667,,,,,,,,,,
668,,,,,,,,,,
669,,,,,,,,,,
670,,,,,,,,,,
671,,,,,,,,,,
672,,,,,,,,,,
673,,,,,,,,,,
674,,,,,,,,,,
675,,,,,,,,,,
676,,,,,,,,,,
677,,,,,,,,,,
678,,,,,,,,,,
679,,,,,,,,,,
680,,,,,,,,,,
681,,,,,,,,,,
682,,,,,,,,,,
683,,,,,,,,,,
684,,,,,,,,,,
685,,,,,,,,,,
686,,,,,,,,,,
687,,,,,,,,,,
688,,,,,,,,,,
689,,,,,,,,,,
690,,,,,,,,,,
691,,,,,,,,,,
692,,,,,,,,,,
693,,,,,,,,,,
694,,,,,,,,,,
695,,,,,,,,,,
696,,,,,,,,,,
697,,,,,,,,,,
698,,,,,,,,,,
699,,,,,,,,,,
700,,,,,,,,,,